OBJECTID,src_NAME,nbr_NAME,src_POP2005,src_LON,src_LAT,LENGTH,NODE_COUNT
1,Afghanistan,China,25067407,65.2160034,33.6769981,0.840676344,0
2,Afghanistan,Iran (Islamic Republic of),25067407,65.2160034,33.6769981,8.124143713,0
3,Afghanistan,Pakistan,25067407,65.2160034,33.6769981,22.27989556,0
4,Afghanistan,Tajikistan,25067407,65.2160034,33.6769981,11.33270565,0
5,Afghanistan,Turkmenistan,25067407,65.2160034,33.6769981,7.230387729,0
6,Afghanistan,Uzbekistan,25067407,65.2160034,33.6769981,1.369895556,0
7,Albania,Greece,3153731,20.0680008,41.1430016,2.166997997,0
8,Albania,Montenegro,3153731,20.0680008,41.1430016,1.612737536,0
9,Albania,Serbia,3153731,20.0680008,41.1430016,1.000447789,0
10,Albania,The former Yugoslav Republic of Macedonia,3153731,20.0680008,41.1430016,1.519841793,0
11,Algeria,Libyan Arab Jamahiriya,32854159,2.632,28.1630001,9.002935745,0
12,Algeria,Mali,32854159,2.632,28.1630001,11.92260917,0
13,Algeria,Mauritania,32854159,2.632,28.1630001,4.489323537,0
14,Algeria,Morocco,32854159,2.632,28.1630001,14.93910066,0
15,Algeria,Niger,32854159,2.632,28.1630001,9.019381378,0
16,Algeria,Tunisia,32854159,2.632,28.1630001,8.577901242,0
17,Algeria,Western Sahara,32854159,2.632,28.1630001,0.37620775,0
18,Andorra,France,73483,1.576,42.5489998,0.48410475,0
19,Andorra,Spain,73483,1.576,42.5489998,0.459361446,0
20,Angola,Congo,16095214,17.5440006,-12.2959995,1.56772562,0
21,Angola,Democratic Republic of the Congo,16095214,17.5440006,-12.2959995,20.02734412,0
22,Angola,Namibia,16095214,17.5440006,-12.2959995,12.41439811,0
23,Angola,Zambia,16095214,17.5440006,-12.2959995,9.637210266,0
24,Argentina,Bolivia,38747148,-65.1669998,-35.3769989,6.587782016,0
25,Argentina,Brazil,38747148,-65.1669998,-35.3769989,8.045331457,0
26,Argentina,Chile,38747148,-65.1669998,-35.3769989,49.00671799,0
27,Argentina,Paraguay,38747148,-65.1669998,-35.3769989,14.66848431,0
28,Argentina,Uruguay,38747148,-65.1669998,-35.3769989,2.770196465,0
29,Armenia,Azerbaijan,3017661,44.5629997,40.5340004,7.749084218,0
30,Armenia,Georgia,3017661,44.5629997,40.5340004,1.617763417,0
31,Armenia,Iran (Islamic Republic of),3017661,44.5629997,40.5340004,0.380563127,0
32,Armenia,Turkey,3017661,44.5629997,40.5340004,2.572249756,0
33,Austria,Czech Republic,8291979,14.9119997,47.6829987,3.684305495,0
34,Austria,Germany,8291979,14.9119997,47.6829987,6.861388424,0
35,Austria,Hungary,8291979,14.9119997,47.6829987,2.637963282,0
36,Austria,Italy,8291979,14.9119997,47.6829987,3.848697571,0
37,Austria,Liechtenstein,8291979,14.9119997,47.6829987,0.260912852,0
38,Austria,Slovakia,8291979,14.9119997,47.6829987,0.801924,0
39,Austria,Slovenia,8291979,14.9119997,47.6829987,2.603290544,0
40,Austria,Switzerland,8291979,14.9119997,47.6829987,1.556325624,0
41,Azerbaijan,Armenia,8352021,47.3950005,40.4300003,7.749084218,0
42,Azerbaijan,Georgia,8352021,47.3950005,40.4300003,3.103520702,0
43,Azerbaijan,Iran (Islamic Republic of),8352021,47.3950005,40.4300003,6.177994688,0
44,Azerbaijan,Russia,8352021,47.3950005,40.4300003,2.827119527,0
45,Azerbaijan,Turkey,8352021,47.3950005,40.4300003,0.088501155,0
46,Bangladesh,Burma,15328112,89.9410019,24.2180004,1.641678335,0
47,Bangladesh,India,15328112,89.9410019,24.2180004,20.91246345,0
48,Belarus,Latvia,9795287,28.0470009,53.5400009,1.801929114,0
49,Belarus,Lithuania,9795287,28.0470009,53.5400009,5.84967136,0
50,Belarus,Poland,9795287,28.0470009,53.5400009,3.412774718,0
51,Belarus,Russia,9795287,28.0470009,53.5400009,10.70443593,0
52,Belarus,Ukraine,9795287,28.0470009,53.5400009,10.29565124,0
53,Belgium,France,10398049,4.664,50.6430016,4.768433718,0
54,Belgium,Germany,10398049,4.664,50.6430016,1.041004552,0
55,Belgium,Luxembourg,10398049,4.664,50.6430016,1.035735108,0
56,Belgium,Netherlands,10398049,4.664,50.6430016,4.154635706,0
57,Belize,Guatemala,275546,-88.6019974,17.2189999,2.242081124,0
58,Belize,Mexico,275546,-88.6019974,17.2189999,1.367512946,0
59,Benin,Burkina Faso,8490301,2.4690001,10.5410004,2.047894568,0
60,Benin,Niger,8490301,2.4690001,10.5410004,1.938459781,0
61,Benin,Nigeria,8490301,2.4690001,10.5410004,6.459848623,0
62,Benin,Togo,8490301,2.4690001,10.5410004,5.625054493,0
63,Bhutan,China,637013,90.4290009,27.4150009,3.764641689,0
64,Bhutan,India,637013,90.4290009,27.4150009,5.516353311,0
65,Bolivia,Argentina,9182015,-64.6709976,-16.7150002,6.587782016,0
66,Bolivia,Brazil,9182015,-64.6709976,-16.7150002,23.23716133,0
67,Bolivia,Chile,9182015,-64.6709976,-16.7150002,7.565395341,0
68,Bolivia,Paraguay,9182015,-64.6709976,-16.7150002,6.895973321,0
69,Bolivia,Peru,9182015,-64.6709976,-16.7150002,8.433535286,0
70,Bosnia and Herzegovina,Croatia,3915238,17.7859993,44.1689987,8.218173881,0
71,Bosnia and Herzegovina,Montenegro,3915238,17.7859993,44.1689987,2.063263673,0
72,Bosnia and Herzegovina,Serbia,3915238,17.7859993,44.1689987,2.869144206,0
73,Botswana,Namibia,1835938,23.8150005,-22.1819992,12.39878909,0
74,Botswana,South Africa,1835938,23.8150005,-22.1819992,14.56801168,0
76,Botswana,Zimbabwe,1835938,23.8150005,-22.1819992,7.083820538,0
77,Brazil,Argentina,186830759,-53.0890007,-10.7720003,8.045331457,0
78,Brazil,Bolivia,186830759,-53.0890007,-10.7720003,23.23716133,0
79,Brazil,Colombia,186830759,-53.0890007,-10.7720003,12.32658156,0
80,Brazil,French Guiana,186830759,-53.0890007,-10.7720003,4.418165179,0
81,Brazil,Guyana,186830759,-53.0890007,-10.7720003,9.234899301,0
82,Brazil,Paraguay,186830759,-53.0890007,-10.7720003,9.490643208,0
83,Brazil,Peru,186830759,-53.0890007,-10.7720003,15.47433007,0
84,Brazil,Suriname,186830759,-53.0890007,-10.7720003,3.029847113,0
85,Brazil,Uruguay,186830759,-53.0890007,-10.7720003,7.548206006,0
86,Brazil,Venezuela,186830759,-53.0890007,-10.7720003,14.14912581,0
87,Brunei Darussalam,Malaysia,373831,114.5910034,4.4679999,3.360498283,0
88,Bulgaria,Greece,7744591,25.2310009,42.7610016,4.266755049,0
89,Bulgaria,Romania,7744591,25.2310009,42.7610016,6.903225885,0
90,Bulgaria,Serbia,7744591,25.2310009,42.7610016,2.901219512,0
91,Bulgaria,The former Yugoslav Republic of Macedonia,7744591,25.2310009,42.7610016,1.380486176,0
92,Bulgaria,Turkey,7744591,25.2310009,42.7610016,2.020791377,0
93,Burkina Faso,Benin,13933363,-1.74,12.2779999,2.047894568,0
94,Burkina Faso,Cote d'Ivoire,13933363,-1.74,12.2779999,3.807412999,0
95,Burkina Faso,Ghana,13933363,-1.74,12.2779999,4.524692814,0
96,Burkina Faso,Mali,13933363,-1.74,12.2779999,10.29275384,0
97,Burkina Faso,Niger,13933363,-1.74,12.2779999,5.370852004,0
98,Burkina Faso,Togo,13933363,-1.74,12.2779999,1.165605192,0
99,Burma,Bangladesh,47967266,96.0410004,21.7180004,1.641678335,0
100,Burma,China,47967266,96.0410004,21.7180004,14.97477491,0
101,Burma,India,47967266,96.0410004,21.7180004,11.37150885,0
102,Burma,Lao People's Democratic Republic,47967266,96.0410004,21.7180004,2.112091754,0
103,Burma,Thailand,47967266,96.0410004,21.7180004,15.87734657,0
104,Burundi,Democratic Republic of the Congo,7858791,29.8869991,-3.3559999,1.933820539,0
105,Burundi,Rwanda,7858791,29.8869991,-3.3559999,2.375022542,0
106,Burundi,United Republic of Tanzania,7858791,29.8869991,-3.3559999,3.47494359,0
107,Cambodia,Lao People's Democratic Republic,13955507,104.564003,12.7139997,3.658599568,0
108,Cambodia,Thailand,13955507,104.564003,12.7139997,5.853952354,0
109,Cambodia,Viet Nam,13955507,104.564003,12.7139997,8.59991143,0
110,Cameroon,Central African Republic,17795149,12.2770004,5.1329999,6.825799714,0
111,Cameroon,Chad,17795149,12.2770004,5.1329999,8.898246741,0
112,Cameroon,Congo,17795149,12.2770004,5.1329999,3.75590955,0
113,Cameroon,Equatorial Guinea,17795149,12.2770004,5.1329999,1.619902006,0
114,Cameroon,Gabon,17795149,12.2770004,5.1329999,2.180169615,0
115,Cameroon,Nigeria,17795149,12.2770004,5.1329999,13.98533274,0
116,Canada,United States,32270507,-109.4329987,59.0810013,93.28183599,0
117,Central African Republic,Cameroon,4191429,20.4829998,6.5710001,6.825799714,0
118,Central African Republic,Chad,4191429,20.4829998,6.5710001,10.01297277,0
119,Central African Republic,Congo,4191429,20.4829998,6.5710001,3.771305134,0
120,Central African Republic,Democratic Republic of the Congo,4191429,20.4829998,6.5710001,12.16271139,0
121,Central African Republic,Sudan,4191429,20.4829998,6.5710001,9.699894981,0
122,Chad,Cameroon,10145609,18.6650009,15.3610001,8.898246741,0
123,Chad,Central African Republic,10145609,18.6650009,15.3610001,10.01297277,0
124,Chad,Libyan Arab Jamahiriya,10145609,18.6650009,15.3610001,10.02504821,0
125,Chad,Niger,10145609,18.6650009,15.3610001,10.60275385,0
126,Chad,Nigeria,10145609,18.6650009,15.3610001,0.779426776,0
127,Chad,Sudan,10145609,18.6650009,15.3610001,11.52790962,0
128,Chile,Argentina,16295102,-69.4329987,-23.3889999,49.00671799,0
129,Chile,Bolivia,16295102,-69.4329987,-23.3889999,7.565395341,0
130,Chile,Peru,16295102,-69.4329987,-23.3889999,1.53668177,0
131,China,Afghanistan,1312978855,106.5139999,33.4199982,0.840676344,0
132,China,Bhutan,1312978855,106.5139999,33.4199982,3.764641689,0
133,China,Burma,1312978855,106.5139999,33.4199982,14.97477491,0
134,China,Hong Kong,1312978855,106.5139999,33.4199982,0.193742564,0
135,China,India,1312978855,106.5139999,33.4199982,21.04788108,0
136,China,Kazakhstan,1312978855,106.5139999,33.4199982,16.28172137,0
137,China,Korea Democratic People's Republic of,1312978855,106.5139999,33.4199982,9.148008955,0
138,China,Kyrgyzstan,1312978855,106.5139999,33.4199982,8.88215874,0
139,China,Lao People's Democratic Republic,1312978855,106.5139999,33.4199982,3.045217418,0
140,China,Macau,1312978855,106.5139999,33.4199982,0.037011967,0
141,China,Mongolia,1312978855,106.5139999,33.4199982,49.55780802,0
142,China,Nepal,1312978855,106.5139999,33.4199982,10.22610653,0
143,China,Pakistan,1312978855,106.5139999,33.4199982,4.507587826,0
144,China,Russia,1312978855,106.5139999,33.4199982,39.04540374,0
145,China,Tajikistan,1312978855,106.5139999,33.4199982,4.015256932,0
146,China,Viet Nam,1312978855,106.5139999,33.4199982,9.235116427,0
147,Colombia,Brazil,4494579,-73.0759964,3.9000001,12.32658156,0
148,Colombia,Ecuador,4494579,-73.0759964,3.9000001,4.523742905,0
149,Colombia,Panama,4494579,-73.0759964,3.9000001,2.412637069,0
150,Colombia,Peru,4494579,-73.0759964,3.9000001,9.998429979,0
151,Colombia,Venezuela,4494579,-73.0759964,3.9000001,18.47499664,0
152,Congo,Angola,3609851,15.9860001,-0.055,1.56772562,0
153,Congo,Cameroon,3609851,15.9860001,-0.055,3.75590955,0
154,Congo,Central African Republic,3609851,15.9860001,-0.055,3.771305134,0
155,Congo,Democratic Republic of the Congo,3609851,15.9860001,-0.055,13.17704589,0
156,Congo,Gabon,3609851,15.9860001,-0.055,14.4318618,0
157,Costa Rica,Nicaragua,4327228,-83.9459991,9.9709997,2.505062519,0
158,Costa Rica,Panama,4327228,-83.9459991,9.9709997,2.438678782,0
159,Cote d'Ivoire,Burkina Faso,18584701,-5.5560002,7.632,3.807412999,0
160,Cote d'Ivoire,Ghana,18584701,-5.5560002,7.632,5.315583989,0
161,Cote d'Ivoire,Guinea,18584701,-5.5560002,7.632,4.792115378,0
162,Cote d'Ivoire,Liberia,18584701,-5.5560002,7.632,4.587887935,0
163,Cote d'Ivoire,Mali,18584701,-5.5560002,7.632,4.092349227,0
164,Croatia,Bosnia and Herzegovina,455149,16.6930008,45.7229996,8.218173881,0
165,Croatia,Hungary,455149,16.6930008,45.7229996,2.586009734,0
166,Croatia,Montenegro,455149,16.6930008,45.7229996,0.137887192,0
167,Croatia,Serbia,455149,16.6930008,45.7229996,2.151699562,0
168,Croatia,Slovenia,455149,16.6930008,45.7229996,4.434490465,0
169,Cuba,United States,11259905,-77.7809982,21.2970009,0.235278505,0
170,Czech Republic,Austria,10191762,15.3380003,49.743,3.684305495,0
171,Czech Republic,Germany,10191762,15.3380003,49.743,6.256234043,0
172,Czech Republic,Poland,10191762,15.3380003,49.743,6.391886742,0
173,Czech Republic,Slovakia,10191762,15.3380003,49.743,2.319590179,0
174,Democratic Republic of the Congo,Angola,58740547,23.6539993,-2.8759999,20.02734412,0
175,Democratic Republic of the Congo,Burundi,58740547,23.6539993,-2.8759999,1.933820539,0
176,Democratic Republic of the Congo,Central African Republic,58740547,23.6539993,-2.8759999,12.16271139,0
177,Democratic Republic of the Congo,Congo,58740547,23.6539993,-2.8759999,13.17704589,0
178,Democratic Republic of the Congo,Rwanda,58740547,23.6539993,-2.8759999,1.845271995,0
179,Democratic Republic of the Congo,Sudan,58740547,23.6539993,-2.8759999,5.038396909,0
180,Democratic Republic of the Congo,Uganda,58740547,23.6539993,-2.8759999,6.445377514,0
181,Democratic Republic of the Congo,United Republic of Tanzania,58740547,23.6539993,-2.8759999,4.297001052,0
182,Democratic Republic of the Congo,Zambia,58740547,23.6539993,-2.8759999,17.81310743,0
183,Denmark,Germany,5416945,9.2639999,56.0579987,0.835898102,0
184,Djibouti,Eritrea,804206,42.5159988,11.8999996,0.98185549,0
185,Djibouti,Ethiopia,804206,42.5159988,11.8999996,2.95321022,0
186,Djibouti,Somalia,804206,42.5159988,11.8999996,0.558080712,0
187,Dominican Republic,Haiti,9469601,-70.7289963,19.0149994,2.280018412,0
188,Ecuador,Colombia,13060993,-78.4970016,-1.385,4.523742905,0
189,Ecuador,Peru,13060993,-78.4970016,-1.385,11.43642777,0
190,Egypt,Israel,72849793,29.8719997,26.4939995,1.885459788,0
191,Egypt,Libyan Arab Jamahiriya,72849793,29.8719997,26.4939995,9.962096131,0
192,Egypt,Palestine,72849793,29.8719997,26.4939995,0.119582981,0
193,Egypt,Sudan,72849793,29.8719997,26.4939995,12.29443364,0
194,El Salvador,Guatemala,6668356,-88.8659973,13.7360001,1.345174517,0
195,El Salvador,Honduras,6668356,-88.8659973,13.7360001,2.765297103,0
196,Equatorial Guinea,Cameroon,484098,10.4879999,1.607,1.619902006,0
197,Equatorial Guinea,Gabon,484098,10.4879999,1.607,2.793259064,0
198,Eritrea,Djibouti,4526722,38.2190018,16.0450001,0.98185549,0
199,Eritrea,Ethiopia,4526722,38.2190018,16.0450001,8.100952456,0
200,Eritrea,Sudan,4526722,38.2190018,16.0450001,5.23161558,0
201,Estonia,Latvia,1344312,25.7929993,58.6739998,3.471347815,0
202,Estonia,Russia,1344312,25.7929993,58.6739998,3.080549528,0
203,Ethiopia,Djibouti,78985857,39.6160011,8.6260004,2.95321022,0
204,Ethiopia,Eritrea,78985857,39.6160011,8.6260004,8.100952456,0
205,Ethiopia,Kenya,78985857,39.6160011,8.6260004,7.00836823,0
206,Ethiopia,Somalia,78985857,39.6160011,8.6260004,14.64539699,0
207,Ethiopia,Sudan,78985857,39.6160011,8.6260004,14.25892383,0
208,Finland,Norway,5246004,26.2719994,64.5039978,11.45030059,0
209,Finland,Russia,5246004,26.2719994,64.5039978,16.91308393,0
210,Finland,Sweden,5246004,26.2719994,64.5039978,6.943642739,0
211,France,Andorra,60990544,2.55,46.5649986,0.48410475,0
212,France,Belgium,60990544,2.55,46.5649986,4.768433718,0
213,France,Germany,60990544,2.55,46.5649986,3.938626651,0
214,France,Italy,60990544,2.55,46.5649986,3.992845798,0
215,France,Luxembourg,60990544,2.55,46.5649986,0.616609203,0
216,France,Monaco,60990544,2.55,46.5649986,0.089581256,0
217,France,Spain,60990544,2.55,46.5649986,5.757996293,0
218,France,Switzerland,60990544,2.55,46.5649986,4.593169286,0
219,French Guiana,Brazil,192099,-53.2410011,3.924,4.418165179,0
220,French Guiana,Suriname,192099,-53.2410011,3.924,3.583701708,0
221,Gabon,Cameroon,1290693,11.7969999,-0.591,2.180169615,0
222,Gabon,Congo,1290693,11.7969999,-0.591,14.4318618,0
223,Gabon,Equatorial Guinea,1290693,11.7969999,-0.591,2.793259064,0
224,Gambia,Senegal,1617029,-15.3859997,13.4530001,6.787733734,0
225,Georgia,Armenia,4473409,43.5180016,42.1759987,1.617763417,0
226,Georgia,Azerbaijan,4473409,43.5180016,42.1759987,3.103520702,0
227,Georgia,Russia,4473409,43.5180016,42.1759987,7.823151971,0
228,Georgia,Turkey,4473409,43.5180016,42.1759987,2.305256185,0
229,Germany,Austria,82652369,9.8509998,51.1100006,6.861388424,0
230,Germany,Belgium,82652369,9.8509998,51.1100006,1.041004552,0
231,Germany,Czech Republic,82652369,9.8509998,51.1100006,6.256234043,0
232,Germany,Denmark,82652369,9.8509998,51.1100006,0.835898102,0
233,Germany,France,82652369,9.8509998,51.1100006,3.938626651,0
234,Germany,Luxembourg,82652369,9.8509998,51.1100006,1.01138978,0
235,Germany,Netherlands,82652369,9.8509998,51.1100006,4.944103545,0
236,Germany,Poland,82652369,9.8509998,51.1100006,3.953424955,0
237,Germany,Switzerland,82652369,9.8509998,51.1100006,3.094751187,0
238,Ghana,Burkina Faso,2253501,-1.207,7.96,4.524692814,0
239,Ghana,Cote d'Ivoire,2253501,-1.207,7.96,5.315583989,0
240,Ghana,Togo,2253501,-1.207,7.96,6.875501959,0
241,Gibraltar,Spain,291,-5.3449998,36.1380005,0.021304101,0
242,Greece,Albania,11099737,21.7660007,39.6660004,2.166997997,0
243,Greece,Bulgaria,11099737,21.7660007,39.6660004,4.266755049,0
244,Greece,The former Yugoslav Republic of Macedonia,11099737,21.7660007,39.6660004,2.265503566,0
245,Greece,Turkey,11099737,21.7660007,39.6660004,1.547251493,0
246,Guatemala,Belize,12709564,-90.3980026,15.2559996,2.242081124,0
247,Guatemala,El Salvador,12709564,-90.3980026,15.2559996,1.345174517,0
248,Guatemala,Honduras,12709564,-90.3980026,15.2559996,1.980700467,0
249,Guatemala,Mexico,12709564,-90.3980026,15.2559996,7.760103766,0
250,Guinea,Cote d'Ivoire,9002656,-10.9420004,10.4390001,4.792115378,0
251,Guinea,Guinea-Bissau,9002656,-10.9420004,10.4390001,3.158902102,0
252,Guinea,Liberia,9002656,-10.9420004,10.4390001,3.512477386,0
253,Guinea,Mali,9002656,-10.9420004,10.4390001,7.439924508,0
254,Guinea,Senegal,9002656,-10.9420004,10.4390001,2.716297272,0
255,Guinea,Sierra Leone,9002656,-10.9420004,10.4390001,5.439947169,0
256,Guinea-Bissau,Guinea,1596929,-14.651,12.125,3.158902102,0
257,Guinea-Bissau,Senegal,1596929,-14.651,12.125,3.124552759,0
258,Guyana,Brazil,739472,-58.973999,4.7919998,9.234899301,0
259,Guyana,Suriname,739472,-58.973999,4.7919998,5.332401556,0
260,Guyana,Venezuela,739472,-58.973999,4.7919998,5.427182724,0
261,Haiti,Dominican Republic,9296291,-72.2779999,19.1420002,2.280018412,0
262,Holy See (Vatican City),Italy,783,12.4510002,41.9039993,0.028121032,0
263,Honduras,El Salvador,683411,-86.862999,14.8190002,2.765297103,0
264,Honduras,Guatemala,683411,-86.862999,14.8190002,1.980700467,0
265,Honduras,Nicaragua,683411,-86.862999,14.8190002,6.074891864,0
266,Hong Kong,China,7057418,114.1289978,22.4230003,0.193742564,0
267,Hungary,Austria,10086387,19.1340008,47.0699997,2.637963282,0
268,Hungary,Croatia,10086387,19.1340008,47.0699997,2.586009734,0
269,Hungary,Romania,10086387,19.1340008,47.0699997,3.843369438,0
270,Hungary,Serbia,10086387,19.1340008,47.0699997,1.595291816,0
271,Hungary,Slovakia,10086387,19.1340008,47.0699997,5.872305424,0
272,Hungary,Slovenia,10086387,19.1340008,47.0699997,0.772320449,0
273,Hungary,Ukraine,10086387,19.1340008,47.0699997,1.055583582,0
274,India,Bangladesh,1134403141,78.5,21,20.91246345,0
275,India,Bhutan,1134403141,78.5,21,5.516353311,0
276,India,Burma,1134403141,78.5,21,11.37150885,0
277,India,China,1134403141,78.5,21,21.04788108,0
278,India,Nepal,1134403141,78.5,21,13.51879519,0
279,India,Pakistan,1134403141,78.5,21,26.5519654,0
280,Indonesia,Malaysia,226063044,114.2519989,-0.976,12.53597673,0
281,Indonesia,Papua New Guinea,226063044,114.2519989,-0.976,6.700550358,0
282,Indonesia,Timor-Leste,226063044,114.2519989,-0.976,1.378163126,0
283,Iran (Islamic Republic of),Afghanistan,69420607,54.3009987,32.5649986,8.124143713,0
284,Iran (Islamic Republic of),Armenia,69420607,54.3009987,32.5649986,0.380563127,0
285,Iran (Islamic Republic of),Azerbaijan,69420607,54.3009987,32.5649986,6.177994688,0
286,Iran (Islamic Republic of),Iraq,69420607,54.3009987,32.5649986,12.32938166,0
287,Iran (Islamic Republic of),Pakistan,69420607,54.3009987,32.5649986,7.637290086,0
288,Iran (Islamic Republic of),Turkey,69420607,54.3009987,32.5649986,4.171675523,0
289,Iran (Islamic Republic of),Turkmenistan,69420607,54.3009987,32.5649986,9.790867451,0
290,Iraq,Iran (Islamic Republic of),27995984,43.7719994,33.0480003,12.32938166,0
291,Iraq,Jordan,27995984,43.7719994,33.0480003,1.689790363,0
292,Iraq,Kuwait,27995984,43.7719994,33.0480003,1.917679183,0
293,Iraq,Saudi Arabia,27995984,43.7719994,33.0480003,8.202683074,0
294,Iraq,Syrian Arab Republic,27995984,43.7719994,33.0480003,5.933969594,0
295,Iraq,Turkey,27995984,43.7719994,33.0480003,3.086835313,0
296,Ireland,United Kingdom,4143294,-8.1520004,53.1769981,3.950706246,0
297,Israel,Egypt,6692037,34.8510017,31.0259991,1.885459788,0
298,Israel,Jordan,6692037,34.8510017,31.0259991,2.445921701,0
299,Israel,Lebanon,6692037,34.8510017,31.0259991,0.668057088,0
300,Israel,Palestine,6692037,34.8510017,31.0259991,3.311125984,0
301,Israel,Syrian Arab Republic,6692037,34.8510017,31.0259991,0.667041603,0
302,Italy,Austria,5864636,12.8000002,42.7000008,3.848697571,0
303,Italy,France,5864636,12.8000002,42.7000008,3.992845798,0
304,Italy,Holy See (Vatican City),5864636,12.8000002,42.7000008,0.028121032,0
305,Italy,San Marino,5864636,12.8000002,42.7000008,0.330180995,0
306,Italy,Slovenia,5864636,12.8000002,42.7000008,2.03368127,0
307,Italy,Switzerland,5864636,12.8000002,42.7000008,6.106787517,0
308,Jordan,Iraq,5544066,36.3190002,30.7029991,1.689790363,0
309,Jordan,Israel,5544066,36.3190002,30.7029991,2.445921701,0
310,Jordan,Palestine,5544066,36.3190002,30.7029991,0.929496552,0
311,Jordan,Saudi Arabia,5544066,36.3190002,30.7029991,7.32527436,0
312,Jordan,Syrian Arab Republic,5544066,36.3190002,30.7029991,3.589307896,0
313,Kazakhstan,China,15210609,67.3010025,48.1599998,16.28172137,0
314,Kazakhstan,Kyrgyzstan,15210609,67.3010025,48.1599998,11.15548262,0
315,Kazakhstan,Russia,15210609,67.3010025,48.1599998,78.06571826,0
316,Kazakhstan,Turkmenistan,15210609,67.3010025,48.1599998,4.184166775,0
317,Kazakhstan,Uzbekistan,15210609,67.3010025,48.1599998,23.08460838,0
318,Kenya,Ethiopia,35598952,37.8580017,0.53,7.00836823,0
319,Kenya,Somalia,35598952,37.8580017,0.53,6.172381449,0
320,Kenya,Sudan,35598952,37.8580017,0.53,2.103277029,0
321,Kenya,Uganda,35598952,37.8580017,0.53,6.328408464,0
322,Kenya,United Republic of Tanzania,35598952,37.8580017,0.53,6.820179064,0
323,Korea Democratic People's Republic of,China,23615611,126.4509964,39.7779999,9.148008955,0
324,Korea Democratic People's Republic of,Korea Republic of,23615611,126.4509964,39.7779999,2.093410681,0
325,Korea Democratic People's Republic of,Russia,23615611,126.4509964,39.7779999,0.188286543,0
326,Korea Republic of,Korea Democratic People's Republic of,47869837,128.1029968,36.5040016,2.093410681,0
327,Kuwait,Iraq,2700,47.3759995,29.4759998,1.917679183,0
328,Kuwait,Saudi Arabia,2700,47.3759995,29.4759998,2.175681119,0
329,Kyrgyzstan,China,5203547,74.5550003,41.4650002,8.88215874,0
330,Kyrgyzstan,Kazakhstan,5203547,74.5550003,41.4650002,11.15548262,0
331,Kyrgyzstan,Tajikistan,5203547,74.5550003,41.4650002,8.155788128,0
332,Kyrgyzstan,Uzbekistan,5203547,74.5550003,41.4650002,8.906928851,0
333,Lao People's Democratic Republic,Burma,566391,102.4710007,19.9050007,2.112091754,0
334,Lao People's Democratic Republic,Cambodia,566391,102.4710007,19.9050007,3.658599568,0
335,Lao People's Democratic Republic,China,566391,102.4710007,19.9050007,3.045217418,0
336,Lao People's Democratic Republic,Thailand,566391,102.4710007,19.9050007,14.08254165,0
337,Lao People's Democratic Republic,Viet Nam,566391,102.4710007,19.9050007,15.03483982,0
338,Latvia,Belarus,2301793,25.6410007,56.8580017,1.801929114,0
339,Latvia,Estonia,2301793,25.6410007,56.8580017,3.471347815,0
340,Latvia,Lithuania,2301793,25.6410007,56.8580017,6.151149104,0
341,Latvia,Russia,2301793,25.6410007,56.8580017,2.14683081,0
342,Lebanon,Israel,401074,35.8880005,33.9199982,0.668057088,0
343,Lebanon,Syrian Arab Republic,401074,35.8880005,33.9199982,3.022908516,0
344,Lesotho,South Africa,1980831,28.243,-29.5809994,7.138031656,0
345,Liberia,Cote d'Ivoire,3441796,-9.6569996,6.6820002,4.587887935,0
346,Liberia,Guinea,3441796,-9.6569996,6.6820002,3.512477386,0
347,Liberia,Sierra Leone,3441796,-9.6569996,6.6820002,2.232760718,0
348,Libyan Arab Jamahiriya,Algeria,5918217,18.0230007,27.0440006,9.002935745,0
349,Libyan Arab Jamahiriya,Chad,5918217,18.0230007,27.0440006,10.02504821,0
350,Libyan Arab Jamahiriya,Egypt,5918217,18.0230007,27.0440006,9.962096131,0
351,Libyan Arab Jamahiriya,Niger,5918217,18.0230007,27.0440006,3.340483992,0
352,Libyan Arab Jamahiriya,Sudan,5918217,18.0230007,27.0440006,3.503699825,0
353,Libyan Arab Jamahiriya,Tunisia,5918217,18.0230007,27.0440006,4.272480664,0
354,Liechtenstein,Austria,34598,9.5550003,47.1529999,0.260912852,0
355,Liechtenstein,Switzerland,34598,9.5550003,47.1529999,0.37924954,0
356,Lithuania,Belarus,3425077,23.8969994,55.3359985,5.84967136,0
357,Lithuania,Latvia,3425077,23.8969994,55.3359985,6.151149104,0
358,Lithuania,Poland,3425077,23.8969994,55.3359985,0.987605416,0
359,Lithuania,Russia,3425077,23.8969994,55.3359985,2.418918162,0
360,Luxembourg,Belgium,456613,6.0879998,49.7709999,1.035735108,0
361,Luxembourg,France,456613,6.0879998,49.7709999,0.616609203,0
362,Luxembourg,Germany,456613,6.0879998,49.7709999,1.01138978,0
363,Macau,China,47309,113.5449982,22.2000008,0.037011967,0
364,Malawi,Mozambique,13226091,33.8079987,-13.3999996,12.66486618,0
365,Malawi,United Republic of Tanzania,13226091,33.8079987,-13.3999996,3.945019974,0
366,Malawi,Zambia,13226091,33.8079987,-13.3999996,6.739230075,0
367,Malaysia,Brunei Darussalam,25652985,102.1949997,4.2010002,3.360498283,0
368,Malaysia,Indonesia,25652985,102.1949997,4.2010002,12.53597673,0
369,Malaysia,Thailand,25652985,102.1949997,4.2010002,3.840831981,0
370,Mali,Algeria,1161109,-3.5239999,17.3500004,11.92260917,0
371,Mali,Burkina Faso,1161109,-3.5239999,17.3500004,10.29275384,0
372,Mali,Cote d'Ivoire,1161109,-3.5239999,17.3500004,4.092349227,0
373,Mali,Guinea,1161109,-3.5239999,17.3500004,7.439924508,0
374,Mali,Mauritania,1161109,-3.5239999,17.3500004,19.89519107,0
375,Mali,Niger,1161109,-3.5239999,17.3500004,7.712826536,0
376,Mali,Senegal,1161109,-3.5239999,17.3500004,3.131284657,0
377,Mauritania,Algeria,2963105,-10.3319998,20.2600002,4.489323537,0
378,Mauritania,Mali,2963105,-10.3319998,20.2600002,19.89519107,0
379,Mauritania,Senegal,2963105,-10.3319998,20.2600002,5.949064518,0
380,Mauritania,Western Sahara,2963105,-10.3319998,20.2600002,14.56416743,0
381,Mexico,Belize,104266392,-102.5350037,23.9510002,1.367512946,0
382,Mexico,Guatemala,104266392,-102.5350037,23.9510002,7.760103766,0
383,Mexico,United States,104266392,-102.5350037,23.9510002,25.0702179,0
384,Monaco,France,325,7.4120002,43.75,0.089581256,0
385,Mongolia,China,2580704,102.8759995,46.0559998,49.55780802,0
386,Mongolia,Russia,2580704,102.8759995,46.0559998,35.9428159,0
387,Montenegro,Albania,607969,19.2539997,42.7919998,1.612737536,0
388,Montenegro,Bosnia and Herzegovina,607969,19.2539997,42.7919998,2.063263673,0
389,Montenegro,Croatia,607969,19.2539997,42.7919998,0.137887192,0
390,Montenegro,Serbia,607969,19.2539997,42.7919998,2.087262892,0
391,Morocco,Algeria,30494991,-5.7579999,32.7060013,14.93910066,0
392,Morocco,Spain,30494991,-5.7579999,32.7060013,0.215759664,0
393,Morocco,Western Sahara,30494991,-5.7579999,32.7060013,4.508379822,0
394,Mozambique,Malawi,20532675,37.9230003,-14.4219999,12.66486618,0
395,Mozambique,South Africa,20532675,37.9230003,-14.4219999,4.538739255,0
396,Mozambique,Swaziland,20532675,37.9230003,-14.4219999,0.962012661,0
397,Mozambique,United Republic of Tanzania,20532675,37.9230003,-14.4219999,6.377074259,0
398,Mozambique,Zambia,20532675,37.9230003,-14.4219999,3.886067993,0
399,Mozambique,Zimbabwe,20532675,37.9230003,-14.4219999,10.76506921,0
400,Namibia,Angola,2019677,17.2180004,-22.1329994,12.41439811,0
401,Namibia,Botswana,2019677,17.2180004,-22.1329994,12.39878909,0
402,Namibia,South Africa,2019677,17.2180004,-22.1329994,8.607988098,0
403,Namibia,Zambia,2019677,17.2180004,-22.1329994,1.92796927,0
405,Nepal,China,27093656,83.939003,28.2530003,10.22610653,0
406,Nepal,India,27093656,83.939003,28.2530003,13.51879519,0
407,Netherlands,Belgium,1632769,5.3889999,52.0769997,4.154635706,0
408,Netherlands,Germany,1632769,5.3889999,52.0769997,4.944103545,0
409,Nicaragua,Costa Rica,5462539,-85.0339966,12.8400002,2.505062519,0
410,Nicaragua,Honduras,5462539,-85.0339966,12.8400002,6.074891864,0
411,Niger,Algeria,1326419,9.3979998,17.4260006,9.019381378,0
412,Niger,Benin,1326419,9.3979998,17.4260006,1.938459781,0
413,Niger,Burkina Faso,1326419,9.3979998,17.4260006,5.370852004,0
414,Niger,Chad,1326419,9.3979998,17.4260006,10.60275385,0
415,Niger,Libyan Arab Jamahiriya,1326419,9.3979998,17.4260006,3.340483992,0
416,Niger,Mali,1326419,9.3979998,17.4260006,7.712826536,0
417,Niger,Nigeria,1326419,9.3979998,17.4260006,13.00177464,0
418,Nigeria,Benin,141356083,8.1049995,9.5939999,6.459848623,0
419,Nigeria,Cameroon,141356083,8.1049995,9.5939999,13.98533274,0
420,Nigeria,Chad,141356083,8.1049995,9.5939999,0.779426776,0
421,Nigeria,Niger,141356083,8.1049995,9.5939999,13.00177464,0
422,Norway,Finland,4638836,8.7399998,61.1520004,11.45030059,0
423,Norway,Russia,4638836,8.7399998,61.1520004,2.793134245,0
424,Norway,Sweden,4638836,8.7399998,61.1520004,21.77532457,0
425,Oman,Saudi Arabia,2507042,57.4070015,21.6560001,6.112347862,0
426,Oman,United Arab Emirates,2507042,57.4070015,21.6560001,4.674982364,0
427,Oman,Yemen,2507042,57.4070015,21.6560001,2.607102831,0
428,Pakistan,Afghanistan,158080591,69.3860016,29.9669991,22.27989556,0
429,Pakistan,China,158080591,69.3860016,29.9669991,4.507587826,0
430,Pakistan,India,158080591,69.3860016,29.9669991,26.5519654,0
431,Pakistan,Iran (Islamic Republic of),158080591,69.3860016,29.9669991,7.637290086,0
432,Palestine,Egypt,3762005,35.2779999,32.0369987,0.119582981,0
433,Palestine,Israel,3762005,35.2779999,32.0369987,3.311125984,0
434,Palestine,Jordan,3762005,35.2779999,32.0369987,0.929496552,0
435,Panama,Colombia,3231502,-80.9199982,8.3839998,2.412637069,0
436,Panama,Costa Rica,3231502,-80.9199982,8.3839998,2.438678782,0
437,Papua New Guinea,Indonesia,6069715,143.4589996,-5.9489999,6.700550358,0
438,Paraguay,Argentina,5904342,-58.3909988,-23.2360001,14.66848431,0
439,Paraguay,Bolivia,5904342,-58.3909988,-23.2360001,6.895973321,0
440,Paraguay,Brazil,5904342,-58.3909988,-23.2360001,9.490643208,0
441,Peru,Bolivia,27274266,-75.552002,-9.3260002,8.433535286,0
442,Peru,Brazil,27274266,-75.552002,-9.3260002,15.47433007,0
443,Peru,Chile,27274266,-75.552002,-9.3260002,1.53668177,0
444,Peru,Colombia,27274266,-75.552002,-9.3260002,9.998429979,0
445,Peru,Ecuador,27274266,-75.552002,-9.3260002,11.43642777,0
446,Poland,Belarus,38195558,19.4009991,52.125,3.412774718,0
447,Poland,Czech Republic,38195558,19.4009991,52.125,6.391886742,0
448,Poland,Germany,38195558,19.4009991,52.125,3.953424955,0
449,Poland,Lithuania,38195558,19.4009991,52.125,0.987605416,0
450,Poland,Russia,38195558,19.4009991,52.125,3.019985645,0
451,Poland,Slovakia,38195558,19.4009991,52.125,4.576330652,0
452,Poland,Ukraine,38195558,19.4009991,52.125,4.369213268,0
453,Portugal,Spain,10528226,-8.0579996,40.3089981,10.27453412,0
454,Qatar,Saudi Arabia,796186,51.1910019,25.316,0.490243368,0
455,Republic of Moldova,Romania,3876661,28.5990009,47.1930008,3.810348215,0
456,Republic of Moldova,Ukraine,3876661,28.5990009,47.1930008,8.833108006,0
457,Romania,Bulgaria,21627557,24.9689999,45.8440018,6.903225885,0
458,Romania,Hungary,21627557,24.9689999,45.8440018,3.843369438,0
459,Romania,Republic of Moldova,21627557,24.9689999,45.8440018,3.810348215,0
460,Romania,Serbia,21627557,24.9689999,45.8440018,4.994190972,0
461,Romania,Ukraine,21627557,24.9689999,45.8440018,5.926553897,0
462,Russia,Azerbaijan,143953092,96.689003,61.987999,2.827119527,0
463,Russia,Belarus,143953092,96.689003,61.987999,10.70443593,0
464,Russia,China,143953092,96.689003,61.987999,39.04540374,0
465,Russia,Estonia,143953092,96.689003,61.987999,3.080549528,0
466,Russia,Finland,143953092,96.689003,61.987999,16.91308393,0
467,Russia,Georgia,143953092,96.689003,61.987999,7.823151971,0
468,Russia,Kazakhstan,143953092,96.689003,61.987999,78.06571826,0
469,Russia,Korea Democratic People's Republic of,143953092,96.689003,61.987999,0.188286543,0
470,Russia,Latvia,143953092,96.689003,61.987999,2.14683081,0
471,Russia,Lithuania,143953092,96.689003,61.987999,2.418918162,0
472,Russia,Mongolia,143953092,96.689003,61.987999,35.9428159,0
473,Russia,Norway,143953092,96.689003,61.987999,2.793134245,0
474,Russia,Poland,143953092,96.689003,61.987999,3.019985645,0
475,Russia,Ukraine,143953092,96.689003,61.987999,16.9653644,0
476,Rwanda,Burundi,9233793,29.9169998,-1.998,2.375022542,0
477,Rwanda,Democratic Republic of the Congo,9233793,29.9169998,-1.998,1.845271995,0
478,Rwanda,Uganda,9233793,29.9169998,-1.998,1.198484305,0
479,Rwanda,United Republic of Tanzania,9233793,29.9169998,-1.998,1.796848802,0
480,Saint Barthelemy,Saint Martin,0,-63.0429993,18.0400009,0.12967322,0
481,Saint Martin,Saint Barthelemy,0,-63.0410004,18.0939999,0.12967322,0
482,San Marino,Italy,30214,12.46,43.9420013,0.330180995,0
483,Saudi Arabia,Iraq,2361236,44.5849991,24.0230007,8.202683074,0
484,Saudi Arabia,Jordan,2361236,44.5849991,24.0230007,7.32527436,0
485,Saudi Arabia,Kuwait,2361236,44.5849991,24.0230007,2.175681119,0
486,Saudi Arabia,Oman,2361236,44.5849991,24.0230007,6.112347862,0
487,Saudi Arabia,Qatar,2361236,44.5849991,24.0230007,0.490243368,0
488,Saudi Arabia,United Arab Emirates,2361236,44.5849991,24.0230007,4.352444441,0
489,Saudi Arabia,Yemen,2361236,44.5849991,24.0230007,12.6713874,0
490,Senegal,Gambia,1177034,-14.8809996,15.0129995,6.787733734,0
491,Senegal,Guinea,1177034,-14.8809996,15.0129995,2.716297272,0
492,Senegal,Guinea-Bissau,1177034,-14.8809996,15.0129995,3.124552759,0
493,Senegal,Mali,1177034,-14.8809996,15.0129995,3.131284657,0
494,Senegal,Mauritania,1177034,-14.8809996,15.0129995,5.949064518,0
495,Serbia,Albania,9863026,20.8059998,44.0320015,1.000447789,0
496,Serbia,Bosnia and Herzegovina,9863026,20.8059998,44.0320015,2.869144206,0
497,Serbia,Bulgaria,9863026,20.8059998,44.0320015,2.901219512,0
498,Serbia,Croatia,9863026,20.8059998,44.0320015,2.151699562,0
499,Serbia,Hungary,9863026,20.8059998,44.0320015,1.595291816,0
500,Serbia,Montenegro,9863026,20.8059998,44.0320015,2.087262892,0
501,Serbia,Romania,9863026,20.8059998,44.0320015,4.994190972,0
502,Serbia,The former Yugoslav Republic of Macedonia,9863026,20.8059998,44.0320015,2.131576219,0
503,Sierra Leone,Guinea,5586403,-11.7919998,8.5600004,5.439947169,0
504,Sierra Leone,Liberia,5586403,-11.7919998,8.5600004,2.232760718,0
505,Slovakia,Austria,5386995,19.4909992,48.7070007,0.801924,0
506,Slovakia,Czech Republic,5386995,19.4909992,48.7070007,2.319590179,0
507,Slovakia,Hungary,5386995,19.4909992,48.7070007,5.872305424,0
508,Slovakia,Poland,5386995,19.4909992,48.7070007,4.576330652,0
509,Slovakia,Ukraine,5386995,19.4909992,48.7070007,0.841470221,0
510,Slovenia,Austria,1999425,14.8269997,46.1240005,2.603290544,0
511,Slovenia,Croatia,1999425,14.8269997,46.1240005,4.434490465,0
512,Slovenia,Hungary,1999425,14.8269997,46.1240005,0.772320449,0
513,Slovenia,Italy,1999425,14.8269997,46.1240005,2.03368127,0
514,Somalia,Djibouti,8196395,48.3160019,9.7740002,0.558080712,0
515,Somalia,Ethiopia,8196395,48.3160019,9.7740002,14.64539699,0
516,Somalia,Kenya,8196395,48.3160019,9.7740002,6.172381449,0
517,South Africa,Botswana,47938663,23.1210003,-30.5580006,14.56801168,0
518,South Africa,Lesotho,47938663,23.1210003,-30.5580006,7.138031656,0
519,South Africa,Mozambique,47938663,23.1210003,-30.5580006,4.538739255,0
520,South Africa,Namibia,47938663,23.1210003,-30.5580006,8.607988098,0
521,South Africa,Swaziland,47938663,23.1210003,-30.5580006,4.080534546,0
522,South Africa,Zimbabwe,47938663,23.1210003,-30.5580006,2.029115726,0
523,Spain,Andorra,43397491,-3.6489999,40.2270012,0.459361446,0
524,Spain,France,43397491,-3.6489999,40.2270012,5.757996293,0
525,Spain,Gibraltar,43397491,-3.6489999,40.2270012,0.021304101,0
526,Spain,Morocco,43397491,-3.6489999,40.2270012,0.215759664,0
527,Spain,Portugal,43397491,-3.6489999,40.2270012,10.27453412,0
528,Sudan,Central African Republic,36899747,30.0499992,13.8319998,9.699894981,0
529,Sudan,Chad,36899747,30.0499992,13.8319998,11.52790962,0
530,Sudan,Democratic Republic of the Congo,36899747,30.0499992,13.8319998,5.038396909,0
531,Sudan,Egypt,36899747,30.0499992,13.8319998,12.29443364,0
532,Sudan,Eritrea,36899747,30.0499992,13.8319998,5.23161558,0
533,Sudan,Ethiopia,36899747,30.0499992,13.8319998,14.25892383,0
534,Sudan,Kenya,36899747,30.0499992,13.8319998,2.103277029,0
535,Sudan,Libyan Arab Jamahiriya,36899747,30.0499992,13.8319998,3.503699825,0
536,Sudan,Uganda,36899747,30.0499992,13.8319998,3.943770203,0
537,Suriname,Brazil,452468,-55.9119987,4.1269999,3.029847113,0
538,Suriname,French Guiana,452468,-55.9119987,4.1269999,3.583701708,0
539,Suriname,Guyana,452468,-55.9119987,4.1269999,5.332401556,0
540,Swaziland,Mozambique,1124529,31.4969997,-26.5620003,0.962012661,0
541,Swaziland,South Africa,1124529,31.4969997,-26.5620003,4.080534546,0
542,Sweden,Finland,9038049,15.2700005,62.0110016,6.943642739,0
543,Sweden,Norway,9038049,15.2700005,62.0110016,21.77532457,0
544,Switzerland,Austria,7424389,7.908,46.8610001,1.556325624,0
545,Switzerland,France,7424389,7.908,46.8610001,4.593169286,0
546,Switzerland,Germany,7424389,7.908,46.8610001,3.094751187,0
547,Switzerland,Italy,7424389,7.908,46.8610001,6.106787517,0
548,Switzerland,Liechtenstein,7424389,7.908,46.8610001,0.37924954,0
549,Syrian Arab Republic,Iraq,18893881,38.5060005,35.0130005,5.933969594,0
550,Syrian Arab Republic,Israel,18893881,38.5060005,35.0130005,0.667041603,0
551,Syrian Arab Republic,Jordan,18893881,38.5060005,35.0130005,3.589307896,0
552,Syrian Arab Republic,Lebanon,18893881,38.5060005,35.0130005,3.022908516,0
553,Syrian Arab Republic,Turkey,18893881,38.5060005,35.0130005,7.921727662,0
554,Tajikistan,Afghanistan,6550213,69.4199982,38.6650009,11.33270565,0
555,Tajikistan,China,6550213,69.4199982,38.6650009,4.015256932,0
556,Tajikistan,Kyrgyzstan,6550213,69.4199982,38.6650009,8.155788128,0
557,Tajikistan,Uzbekistan,6550213,69.4199982,38.6650009,10.70201213,0
558,Thailand,Burma,63002911,100.8440018,15.6999998,15.87734657,0
559,Thailand,Cambodia,63002911,100.8440018,15.6999998,5.853952354,0
560,Thailand,Lao People's Democratic Republic,63002911,100.8440018,15.6999998,14.08254165,0
561,Thailand,Malaysia,63002911,100.8440018,15.6999998,3.840831981,0
562,The former Yugoslav Republic of Macedonia,Albania,2033655,21.698,41.5999985,1.519841793,0
563,The former Yugoslav Republic of Macedonia,Bulgaria,2033655,21.698,41.5999985,1.380486176,0
564,The former Yugoslav Republic of Macedonia,Greece,2033655,21.698,41.5999985,2.265503566,0
565,The former Yugoslav Republic of Macedonia,Serbia,2033655,21.698,41.5999985,2.131576219,0
566,Timor-Leste,Indonesia,1067285,125.8779984,-8.8219995,1.378163126,0
567,Togo,Benin,6238572,1.081,8.7989998,5.625054493,0
568,Togo,Burkina Faso,6238572,1.081,8.7989998,1.165605192,0
569,Togo,Ghana,6238572,1.081,8.7989998,6.875501959,0
570,Tunisia,Algeria,10104685,9.5959997,35.3829994,8.577901242,0
571,Tunisia,Libyan Arab Jamahiriya,10104685,9.5959997,35.3829994,4.272480664,0
572,Turkey,Armenia,72969723,35.1790009,39.0610008,2.572249756,0
573,Turkey,Azerbaijan,72969723,35.1790009,39.0610008,0.088501155,0
574,Turkey,Bulgaria,72969723,35.1790009,39.0610008,2.020791377,0
575,Turkey,Georgia,72969723,35.1790009,39.0610008,2.305256185,0
576,Turkey,Greece,72969723,35.1790009,39.0610008,1.547251493,0
577,Turkey,Iran (Islamic Republic of),72969723,35.1790009,39.0610008,4.171675523,0
578,Turkey,Iraq,72969723,35.1790009,39.0610008,3.086835313,0
579,Turkey,Syrian Arab Republic,72969723,35.1790009,39.0610008,7.921727662,0
580,Turkmenistan,Afghanistan,4833266,59.3839989,39.1220016,7.230387729,0
581,Turkmenistan,Iran (Islamic Republic of),4833266,59.3839989,39.1220016,9.790867451,0
582,Turkmenistan,Kazakhstan,4833266,59.3839989,39.1220016,4.184166775,0
583,Turkmenistan,Uzbekistan,4833266,59.3839989,39.1220016,16.62303886,0
584,Uganda,Democratic Republic of the Congo,28947181,32.3860016,1.28,6.445377514,0
585,Uganda,Kenya,28947181,32.3860016,1.28,6.328408464,0
586,Uganda,Rwanda,28947181,32.3860016,1.28,1.198484305,0
587,Uganda,Sudan,28947181,32.3860016,1.28,3.943770203,0
588,Uganda,United Republic of Tanzania,28947181,32.3860016,1.28,3.452980356,0
589,Ukraine,Belarus,46917544,31.3880005,49.0159988,10.29565124,0
590,Ukraine,Hungary,46917544,31.3880005,49.0159988,1.055583582,0
591,Ukraine,Poland,46917544,31.3880005,49.0159988,4.369213268,0
592,Ukraine,Republic of Moldova,46917544,31.3880005,49.0159988,8.833108006,0
593,Ukraine,Romania,46917544,31.3880005,49.0159988,5.926553897,0
594,Ukraine,Russia,46917544,31.3880005,49.0159988,16.9653644,0
595,Ukraine,Slovakia,46917544,31.3880005,49.0159988,0.841470221,0
596,United Arab Emirates,Oman,4104291,54.1629982,23.5489998,4.674982364,0
597,United Arab Emirates,Saudi Arabia,4104291,54.1629982,23.5489998,4.352444441,0
598,United Kingdom,Ireland,60244834,-1.6,53,3.950706246,0
599,United Republic of Tanzania,Burundi,38477873,34.8230019,-6.27,3.47494359,0
600,United Republic of Tanzania,Democratic Republic of the Congo,38477873,34.8230019,-6.27,4.297001052,0
601,United Republic of Tanzania,Kenya,38477873,34.8230019,-6.27,6.820179064,0
602,United Republic of Tanzania,Malawi,38477873,34.8230019,-6.27,3.945019974,0
603,United Republic of Tanzania,Mozambique,38477873,34.8230019,-6.27,6.377074259,0
604,United Republic of Tanzania,Rwanda,38477873,34.8230019,-6.27,1.796848802,0
605,United Republic of Tanzania,Uganda,38477873,34.8230019,-6.27,3.452980356,0
606,United Republic of Tanzania,Zambia,38477873,34.8230019,-6.27,2.861835622,0
607,United States,Canada,299846449,-98.6060028,39.6220016,93.28183599,0
608,United States,Cuba,299846449,-98.6060028,39.6220016,0.235278505,0
609,United States,Mexico,299846449,-98.6060028,39.6220016,25.0702179,0
610,Uruguay,Argentina,3325727,-56.012001,-32.7999992,2.770196465,0
611,Uruguay,Brazil,3325727,-56.012001,-32.7999992,7.548206006,0
612,Uzbekistan,Afghanistan,26593123,63.1699982,41.75,1.369895556,0
613,Uzbekistan,Kazakhstan,26593123,63.1699982,41.75,23.08460838,0
614,Uzbekistan,Kyrgyzstan,26593123,63.1699982,41.75,8.906928851,0
615,Uzbekistan,Tajikistan,26593123,63.1699982,41.75,10.70201213,0
616,Uzbekistan,Turkmenistan,26593123,63.1699982,41.75,16.62303886,0
617,Venezuela,Brazil,26725573,-66.1660004,7.125,14.14912581,0
618,Venezuela,Colombia,26725573,-66.1660004,7.125,18.47499664,0
619,Venezuela,Guyana,26725573,-66.1660004,7.125,5.427182724,0
620,Viet Nam,Cambodia,85028643,105.314003,21.4909992,8.59991143,0
621,Viet Nam,China,85028643,105.314003,21.4909992,9.235116427,0
622,Viet Nam,Lao People's Democratic Republic,85028643,105.314003,21.4909992,15.03483982,0
623,Western Sahara,Algeria,440428,-13.7060003,24.5540009,0.37620775,0
624,Western Sahara,Mauritania,440428,-13.7060003,24.5540009,14.56416743,0
625,Western Sahara,Morocco,440428,-13.7060003,24.5540009,4.508379822,0
626,Yemen,Oman,21095679,48.3549995,15.8070002,2.607102831,0
627,Yemen,Saudi Arabia,21095679,48.3549995,15.8070002,12.6713874,0
628,Zambia,Angola,11478317,26.3199997,-14.6140003,9.637210266,0
630,Zambia,Democratic Republic of the Congo,11478317,26.3199997,-14.6140003,17.81310743,0
631,Zambia,Malawi,11478317,26.3199997,-14.6140003,6.739230075,0
632,Zambia,Mozambique,11478317,26.3199997,-14.6140003,3.886067993,0
633,Zambia,Namibia,11478317,26.3199997,-14.6140003,1.92796927,0
634,Zambia,United Republic of Tanzania,11478317,26.3199997,-14.6140003,2.861835622,0
635,Zambia,Zimbabwe,11478317,26.3199997,-14.6140003,6.576498585,0
636,Zimbabwe,Botswana,13119679,29.8719997,-19,7.083820538,0
637,Zimbabwe,Mozambique,13119679,29.8719997,-19,10.76506921,0
639,Zimbabwe,South Africa,13119679,29.8719997,-19,2.029115726,0
640,Zimbabwe,Zambia,13119679,29.8719997,-19,6.576498585,0
